{
  "count": 30,
  "missing_probability": 0,
  "probability_mean": 0.4810724820299483,
  "probability_std": 0.23326612315718614,
  "probability_min": 0.04705882352941182,
  "probability_max": 0.9443174220524658
}